"Time","__name__","activity_factor","activity_factor_realized","agent_id","base_balance","base_collateral","base_loan","exported_netuid","hotkey","id","instance","inventory_value","inventory_value_change","job","min_daily_volume","min_roundtrip_volume","miner_gauge_name","netuid","placement","pnl","pnl_change","quote_balance","quote_collateral","quote_loan","score","sharpe","sharpe_penalty","sharpe_realized","sharpe_realized_penalty","sharpe_realized_score","sharpe_score","sharpe_unrealized_score","task","timestamp","timestamp_str","total_daily_volume","total_realized_pnl","total_roundtrip_volume","unnormalized_score","wallet","Value"
2025-12-17 13:03:51.000,miners,0,0,0,4922,0,0,366,5E7RbxVyLz681r9tF9a9bfB9ZuBQa4ZARbJ8HApjRruGaNtY,0,3.148.166.166:9001,20288,6.17,bittensor,0,0,miners,366,134,-41897,6.17,2523409,0,0,0,0.00976,0,None,0,0,0,0,validator_metrics,2741000000000,00:45:41.000000000,0,0,0,0,5E7RbxVyLz681r9tF9a9bfB9ZuBQa4ZARbJ8HApjRruGaNtY,1.00000
2025-12-17 13:03:51.000,miners,0,0,1,5223,0,0,366,5E7RbxVyLz681r9tF9a9bfB9ZuBQa4ZARbJ8HApjRruGaNtY,0,3.148.166.166:9001,22577,25.0,bittensor,0,0,miners,366,98,-33184,25.0,2433238,0,0,0,0.0122,0,None,0,0,0,0,validator_metrics,2741000000000,00:45:41.000000000,0,0,0,0,5E7RbxVyLz681r9tF9a9bfB9ZuBQa4ZARbJ8HApjRruGaNtY,1.00000
2025-12-17 13:03:51.000,miners,0,0,10,5414,0,0,366,5E7RbxVyLz681r9tF9a9bfB9ZuBQa4ZARbJ8HApjRruGaNtY,0,3.148.166.166:9001,21435,9.14,bittensor,0,0,miners,366,97,-37208,9.14,2375756,0,0,0,0.0124,0,None,0,0,0,0,validator_metrics,2741000000000,00:45:41.000000000,0,0,0,0,5E7RbxVyLz681r9tF9a9bfB9ZuBQa4ZARbJ8HApjRruGaNtY,1.00000
2025-12-17 13:03:51.000,miners,0,0,100,5183,0,0,366,5E7RbxVyLz681r9tF9a9bfB9ZuBQa4ZARbJ8HApjRruGaNtY,0,3.148.166.166:9001,15035,-1.65,bittensor,0,0,miners,366,29,-41825,-1.65,2445117,0,0,0,0.0105,0,None,0,0,0,0,validator_metrics,2741000000000,00:45:41.000000000,0,0,0,0,5E7RbxVyLz681r9tF9a9bfB9ZuBQa4ZARbJ8HApjRruGaNtY,1.00000
2025-12-17 13:03:51.000,miners,0,0,101,5193,0,0,366,5E7RbxVyLz681r9tF9a9bfB9ZuBQa4ZARbJ8HApjRruGaNtY,0,3.148.166.166:9001,21347,15.3,bittensor,0,0,miners,366,33,-36339,15.3,2442033,0,0,0,0.00848,0,None,0,0,0,0,validator_metrics,2741000000000,00:45:41.000000000,0,0,0,0,5E7RbxVyLz681r9tF9a9bfB9ZuBQa4ZARbJ8HApjRruGaNtY,1.00000
2025-12-17 13:03:51.000,miners,0,0,102,5068,0,0,366,5E7RbxVyLz681r9tF9a9bfB9ZuBQa4ZARbJ8HApjRruGaNtY,0,3.148.166.166:9001,16596,2.33,bittensor,0,0,miners,366,34,-37321,2.33,2479643,0,0,0,0.0118,0,None,0,0,0,0,validator_metrics,2741000000000,00:45:41.000000000,0,0,0,0,5E7RbxVyLz681r9tF9a9bfB9ZuBQa4ZARbJ8HApjRruGaNtY,1.00000
2025-12-17 13:03:51.000,miners,0,0,103,5355,0,0,366,5E7RbxVyLz681r9tF9a9bfB9ZuBQa4ZARbJ8HApjRruGaNtY,0,3.148.166.166:9001,22844,21.3,bittensor,0,0,miners,366,32,-40500,21.3,2393643,0,0,0,0.0114,0,None,0,0,0,0,validator_metrics,2741000000000,00:45:41.000000000,0,0,0,0,5E7RbxVyLz681r9tF9a9bfB9ZuBQa4ZARbJ8HApjRruGaNtY,1.00000
2025-12-17 13:03:51.000,miners,0,0,104,5445,0,0,366,5E7RbxVyLz681r9tF9a9bfB9ZuBQa4ZARbJ8HApjRruGaNtY,0,3.148.166.166:9001,19264,10.6,bittensor,0,0,miners,366,30,-38466,10.6,2366390,0,0,0,0.00858,0,None,0,0,0,0,validator_metrics,2741000000000,00:45:41.000000000,0,0,0,0,5E7RbxVyLz681r9tF9a9bfB9ZuBQa4ZARbJ8HApjRruGaNtY,1.00000
2025-12-17 13:03:51.000,miners,0,0,105,5211,0,0,366,5E7RbxVyLz681r9tF9a9bfB9ZuBQa4ZARbJ8HApjRruGaNtY,0,3.148.166.166:9001,17222,2.92,bittensor,0,0,miners,366,31,-48479,2.92,2436753,0,0,0,0.0101,0,None,0,0,0,0,validator_metrics,2741000000000,00:45:41.000000000,0,0,0,0,5E7RbxVyLz681r9tF9a9bfB9ZuBQa4ZARbJ8HApjRruGaNtY,1.00000
2025-12-17 13:03:51.000,miners,0,0,106,5357,0,0,366,5E7RbxVyLz681r9tF9a9bfB9ZuBQa4ZARbJ8HApjRruGaNtY,0,3.148.166.166:9001,20314,4.22,bittensor,0,0,miners,366,65,-39640,4.22,2392912,0,0,0,0.00940,0,None,0,0,0,0,validator_metrics,2741000000000,00:45:41.000000000,0,0,0,0,5E7RbxVyLz681r9tF9a9bfB9ZuBQa4ZARbJ8HApjRruGaNtY,1.00000
2025-12-17 13:03:51.000,miners,0,0,107,4966,0,0,366,5E7RbxVyLz681r9tF9a9bfB9ZuBQa4ZARbJ8HApjRruGaNtY,0,3.148.166.166:9001,17829,9.60,bittensor,0,0,miners,366,77,-38965,9.60,2510174,0,0,0,0.0117,0,None,0,0,0,0,validator_metrics,2741000000000,00:45:41.000000000,0,0,0,0,5E7RbxVyLz681r9tF9a9bfB9ZuBQa4ZARbJ8HApjRruGaNtY,1.00000
2025-12-17 13:03:51.000,miners,0,0,108,5244,0,0,366,5E7RbxVyLz681r9tF9a9bfB9ZuBQa4ZARbJ8HApjRruGaNtY,0,3.148.166.166:9001,20901,-7.04,bittensor,0,0,miners,366,76,-44278,-7.04,2426931,0,0,0,0.00872,0,None,0,0,0,0,validator_metrics,2741000000000,00:45:41.000000000,0,0,0,0,5E7RbxVyLz681r9tF9a9bfB9ZuBQa4ZARbJ8HApjRruGaNtY,1.00000
2025-12-17 13:03:51.000,miners,0,0,109,5057,0,0,366,5E7RbxVyLz681r9tF9a9bfB9ZuBQa4ZARbJ8HApjRruGaNtY,0,3.148.166.166:9001,20489,22.6,bittensor,0,0,miners,366,75,-42561,22.6,2482869,0,0,0,0.0114,0,None,0,0,0,0,validator_metrics,2741000000000,00:45:41.000000000,0,0,0,0,5E7RbxVyLz681r9tF9a9bfB9ZuBQa4ZARbJ8HApjRruGaNtY,1.00000
2025-12-17 13:03:51.000,miners,0,0,11,4839,0,0,366,5E7RbxVyLz681r9tF9a9bfB9ZuBQa4ZARbJ8HApjRruGaNtY,0,3.148.166.166:9001,21517,-2.60,bittensor,0,0,miners,366,108,-37597,-2.60,2548356,0,0,0,0.0111,0,None,0,0,0,0,validator_metrics,2741000000000,00:45:41.000000000,0,0,0,0,5E7RbxVyLz681r9tF9a9bfB9ZuBQa4ZARbJ8HApjRruGaNtY,1.00000
2025-12-17 13:03:51.000,miners,0,0,113,5174,0,0,366,5E7RbxVyLz681r9tF9a9bfB9ZuBQa4ZARbJ8HApjRruGaNtY,0,3.148.166.166:9001,14047,6.77,bittensor,0,0,miners,366,74,-42513,6.77,2447862,0,0,0,0.00810,0,None,0,0,0,0,validator_metrics,2741000000000,00:45:41.000000000,0,0,0,0,5E7RbxVyLz681r9tF9a9bfB9ZuBQa4ZARbJ8HApjRruGaNtY,1.00000
2025-12-17 13:03:51.000,miners,0,0,115,5032,0,0,366,5E7RbxVyLz681r9tF9a9bfB9ZuBQa4ZARbJ8HApjRruGaNtY,0,3.148.166.166:9001,24217,7.34,bittensor,0,0,miners,366,73,-27843,7.34,2490436,0,0,0,0.0121,0,None,0,0,0,0,validator_metrics,2741000000000,00:45:41.000000000,0,0,0,0,5E7RbxVyLz681r9tF9a9bfB9ZuBQa4ZARbJ8HApjRruGaNtY,1.00000
2025-12-17 13:03:51.000,miners,0,0,116,4913,0,0,366,5E7RbxVyLz681r9tF9a9bfB9ZuBQa4ZARbJ8HApjRruGaNtY,0,3.148.166.166:9001,18948,21.5,bittensor,0,0,miners,366,72,-30713,21.5,2526181,0,0,0,0.0119,0,None,0,0,0,0,validator_metrics,2741000000000,00:45:41.000000000,0,0,0,0,5E7RbxVyLz681r9tF9a9bfB9ZuBQa4ZARbJ8HApjRruGaNtY,1.00000
2025-12-17 13:03:51.000,miners,0,0,119,4933,0,0,366,5E7RbxVyLz681r9tF9a9bfB9ZuBQa4ZARbJ8HApjRruGaNtY,0,3.148.166.166:9001,22132,9.43,bittensor,0,0,miners,366,70,-30401,9.43,2520014,0,0,0,0.0129,0,None,0,0,0,0,validator_metrics,2741000000000,00:45:41.000000000,0,0,0,0,5E7RbxVyLz681r9tF9a9bfB9ZuBQa4ZARbJ8HApjRruGaNtY,1.00000
2025-12-17 13:03:51.000,miners,0,0,121,5141,0,0,366,5E7RbxVyLz681r9tF9a9bfB9ZuBQa4ZARbJ8HApjRruGaNtY,0,3.148.166.166:9001,19419,14.5,bittensor,0,0,miners,366,69,-37997,14.5,2457846,0,0,0,0.00992,0,None,0,0,0,0,validator_metrics,2741000000000,00:45:41.000000000,0,0,0,0,5E7RbxVyLz681r9tF9a9bfB9ZuBQa4ZARbJ8HApjRruGaNtY,1.00000
2025-12-17 13:03:51.000,miners,0,0,122,5276,0,0,366,5E7RbxVyLz681r9tF9a9bfB9ZuBQa4ZARbJ8HApjRruGaNtY,0,3.148.166.166:9001,20028,4.86,bittensor,0,0,miners,366,68,-44597,4.86,2417279,0,0,0,0.00770,0,None,0,0,0,0,validator_metrics,2741000000000,00:45:41.000000000,0,0,0,0,5E7RbxVyLz681r9tF9a9bfB9ZuBQa4ZARbJ8HApjRruGaNtY,1.00000
2025-12-17 13:03:51.000,miners,0,0,13,4658,0,0,366,5E7RbxVyLz681r9tF9a9bfB9ZuBQa4ZARbJ8HApjRruGaNtY,0,3.148.166.166:9001,19818,4.33,bittensor,0,0,miners,366,109,-35876,4.33,2602660,0,0,0,0.0106,0,None,0,0,0,0,validator_metrics,2741000000000,00:45:41.000000000,0,0,0,0,5E7RbxVyLz681r9tF9a9bfB9ZuBQa4ZARbJ8HApjRruGaNtY,1.00000
2025-12-17 13:03:51.000,miners,0,0,130,5464,0,0,366,5E7RbxVyLz681r9tF9a9bfB9ZuBQa4ZARbJ8HApjRruGaNtY,0,3.148.166.166:9001,19436,7.71,bittensor,0,0,miners,366,66,-31746,7.71,2360772,0,0,0,0.00644,0,None,0,0,0,0,validator_metrics,2741000000000,00:45:41.000000000,0,0,0,0,5E7RbxVyLz681r9tF9a9bfB9ZuBQa4ZARbJ8HApjRruGaNtY,1.00000
2025-12-17 13:03:51.000,miners,0,0,132,4775,0,0,366,5E7RbxVyLz681r9tF9a9bfB9ZuBQa4ZARbJ8HApjRruGaNtY,0,3.148.166.166:9001,15819,18.4,bittensor,0,0,miners,366,64,-43595,18.4,2567582,0,0,0,0.0118,0,None,0,0,0,0,validator_metrics,2741000000000,00:45:41.000000000,0,0,0,0,5E7RbxVyLz681r9tF9a9bfB9ZuBQa4ZARbJ8HApjRruGaNtY,1.00000
2025-12-17 13:03:51.000,miners,0,0,136,4875,0,0,366,5E7RbxVyLz681r9tF9a9bfB9ZuBQa4ZARbJ8HApjRruGaNtY,0,3.148.166.166:9001,11751,1.81,bittensor,0,0,miners,366,62,-44303,1.81,2537588,0,0,0,0.00966,0,None,0,0,0,0,validator_metrics,2741000000000,00:45:41.000000000,0,0,0,0,5E7RbxVyLz681r9tF9a9bfB9ZuBQa4ZARbJ8HApjRruGaNtY,1.00000
2025-12-17 13:03:51.000,miners,0,0,137,4862,0,0,366,5E7RbxVyLz681r9tF9a9bfB9ZuBQa4ZARbJ8HApjRruGaNtY,0,3.148.166.166:9001,17384,9.54,bittensor,0,0,miners,366,61,-35739,9.54,2541411,0,0,0,0.0111,0,None,0,0,0,0,validator_metrics,2741000000000,00:45:41.000000000,0,0,0,0,5E7RbxVyLz681r9tF9a9bfB9ZuBQa4ZARbJ8HApjRruGaNtY,1.00000
2025-12-17 13:03:51.000,miners,0,0,14,5288,0,0,366,5E7RbxVyLz681r9tF9a9bfB9ZuBQa4ZARbJ8HApjRruGaNtY,0,3.148.166.166:9001,20127,5.43,bittensor,0,0,miners,366,110,-40962,5.43,2413674,0,0,0,0.00878,0,None,0,0,0,0,validator_metrics,2741000000000,00:45:41.000000000,0,0,0,0,5E7RbxVyLz681r9tF9a9bfB9ZuBQa4ZARbJ8HApjRruGaNtY,1.00000
2025-12-17 13:03:51.000,miners,0,0,141,5388,0,0,366,5E7RbxVyLz681r9tF9a9bfB9ZuBQa4ZARbJ8HApjRruGaNtY,0,3.148.166.166:9001,14769,12.3,bittensor,0,0,miners,366,60,-41248,12.3,2383649,0,0,0,0.0107,0,None,0,0,0,0,validator_metrics,2741000000000,00:45:41.000000000,0,0,0,0,5E7RbxVyLz681r9tF9a9bfB9ZuBQa4ZARbJ8HApjRruGaNtY,1.00000
2025-12-17 13:03:51.000,miners,0,0,143,5026,0,0,366,5E7RbxVyLz681r9tF9a9bfB9ZuBQa4ZARbJ8HApjRruGaNtY,0,3.148.166.166:9001,16737,8.66,bittensor,0,0,miners,366,59,-45165,8.66,2492065,0,0,0,0.0102,0,None,0,0,0,0,validator_metrics,2741000000000,00:45:41.000000000,0,0,0,0,5E7RbxVyLz681r9tF9a9bfB9ZuBQa4ZARbJ8HApjRruGaNtY,1.00000
2025-12-17 13:03:51.000,miners,0,0,144,5380,0,0,366,5E7RbxVyLz681r9tF9a9bfB9ZuBQa4ZARbJ8HApjRruGaNtY,0,3.148.166.166:9001,24515,1.83,bittensor,0,0,miners,366,58,-33631,1.83,2385975,0,0,0,0.00562,0,None,0,0,0,0,validator_metrics,2741000000000,00:45:41.000000000,0,0,0,0,5E7RbxVyLz681r9tF9a9bfB9ZuBQa4ZARbJ8HApjRruGaNtY,1.00000
2025-12-17 13:03:51.000,miners,0,0,145,5032,0,0,366,5E7RbxVyLz681r9tF9a9bfB9ZuBQa4ZARbJ8HApjRruGaNtY,0,3.148.166.166:9001,17767,1.90,bittensor,0,0,miners,366,57,-38317,1.90,2490346,0,0,0,0.00975,0,None,0,0,0,0,validator_metrics,2741000000000,00:45:41.000000000,0,0,0,0,5E7RbxVyLz681r9tF9a9bfB9ZuBQa4ZARbJ8HApjRruGaNtY,1.00000
2025-12-17 13:03:51.000,miners,0,0,147,5210,0,0,366,5E7RbxVyLz681r9tF9a9bfB9ZuBQa4ZARbJ8HApjRruGaNtY,0,3.148.166.166:9001,20840,2.78,bittensor,0,0,miners,366,56,-44358,2.78,2436851,0,0,0,0.00830,0,None,0,0,0,0,validator_metrics,2741000000000,00:45:41.000000000,0,0,0,0,5E7RbxVyLz681r9tF9a9bfB9ZuBQa4ZARbJ8HApjRruGaNtY,1.00000
2025-12-17 13:03:51.000,miners,0,0,149,5136,0,0,366,5E7RbxVyLz681r9tF9a9bfB9ZuBQa4ZARbJ8HApjRruGaNtY,0,3.148.166.166:9001,23782,-3.84,bittensor,23894,0,miners,366,55,-23540,-3.84,2459119,0,0,0,0.00541,0,None,0,0,0,0,validator_metrics,2741000000000,00:45:41.000000000,1041781,0,0,0,5E7RbxVyLz681r9tF9a9bfB9ZuBQa4ZARbJ8HApjRruGaNtY,1.00000
2025-12-17 13:03:51.000,miners,0,0,15,5510,0,0,366,5E7RbxVyLz681r9tF9a9bfB9ZuBQa4ZARbJ8HApjRruGaNtY,0,3.148.166.166:9001,18472,9.08,bittensor,0,0,miners,366,111,-35781,9.08,2347128,0,0,0,0.00592,0,None,0,0,0,0,validator_metrics,2741000000000,00:45:41.000000000,0,0,0,0,5E7RbxVyLz681r9tF9a9bfB9ZuBQa4ZARbJ8HApjRruGaNtY,1.00000
2025-12-17 13:03:51.000,miners,0,0,150,5171,0,0,366,5E7RbxVyLz681r9tF9a9bfB9ZuBQa4ZARbJ8HApjRruGaNtY,0,3.148.166.166:9001,15195,12.8,bittensor,0,0,miners,366,54,-46270,12.8,2448776,0,0,0,0.00998,0,None,0,0,0,0,validator_metrics,2741000000000,00:45:41.000000000,0,0,0,0,5E7RbxVyLz681r9tF9a9bfB9ZuBQa4ZARbJ8HApjRruGaNtY,1.00000
2025-12-17 13:03:51.000,miners,0,0,151,4782,0,0,366,5E7RbxVyLz681r9tF9a9bfB9ZuBQa4ZARbJ8HApjRruGaNtY,0,3.148.166.166:9001,16263,-0.843,bittensor,259,0,miners,366,53,-30754,-0.843,2565290,0,0,0,0.00638,0,None,0,0,0,0,validator_metrics,2741000000000,00:45:41.000000000,41913,0,0,0,5E7RbxVyLz681r9tF9a9bfB9ZuBQa4ZARbJ8HApjRruGaNtY,1.00000
2025-12-17 13:03:51.000,miners,0,0,152,5213,0,0,366,5E7RbxVyLz681r9tF9a9bfB9ZuBQa4ZARbJ8HApjRruGaNtY,0,3.148.166.166:9001,22299,5.66,bittensor,0,0,miners,366,52,-28544,5.66,2436213,0,0,0,0.0102,0,None,0,0,0,0,validator_metrics,2741000000000,00:45:41.000000000,0,0,0,0,5E7RbxVyLz681r9tF9a9bfB9ZuBQa4ZARbJ8HApjRruGaNtY,1.00000
2025-12-17 13:03:51.000,miners,0,0,16,4666,0,0,366,5E7RbxVyLz681r9tF9a9bfB9ZuBQa4ZARbJ8HApjRruGaNtY,0,3.148.166.166:9001,22356,14.9,bittensor,0,0,miners,366,112,-41665,14.9,2600289,0,0,0,0.0114,0,None,0,0,0,0,validator_metrics,2741000000000,00:45:41.000000000,0,0,0,0,5E7RbxVyLz681r9tF9a9bfB9ZuBQa4ZARbJ8HApjRruGaNtY,1.00000
2025-12-17 13:03:51.000,miners,0,0,17,5088,0,0,366,5E7RbxVyLz681r9tF9a9bfB9ZuBQa4ZARbJ8HApjRruGaNtY,0,3.148.166.166:9001,24222,19.7,bittensor,0,0,miners,366,113,-32260,19.7,2473595,0,0,0,0.0115,0,None,0,0,0,0,validator_metrics,2741000000000,00:45:41.000000000,0,0,0,0,5E7RbxVyLz681r9tF9a9bfB9ZuBQa4ZARbJ8HApjRruGaNtY,1.00000
2025-12-17 13:03:51.000,miners,0,0,18,5058,0,0,366,5E7RbxVyLz681r9tF9a9bfB9ZuBQa4ZARbJ8HApjRruGaNtY,0,3.148.166.166:9001,21024,6.70,bittensor,0,0,miners,366,114,-26490,6.70,2482556,0,0,0,0.0103,0,None,0,0,0,0,validator_metrics,2741000000000,00:45:41.000000000,0,0,0,0,5E7RbxVyLz681r9tF9a9bfB9ZuBQa4ZARbJ8HApjRruGaNtY,1.00000
2025-12-17 13:03:51.000,miners,0,0,19,5357,0,0,366,5E7RbxVyLz681r9tF9a9bfB9ZuBQa4ZARbJ8HApjRruGaNtY,0,3.148.166.166:9001,19321,4.08,bittensor,0,0,miners,366,115,-39429,4.08,2393021,0,0,0,0.00925,0,None,0,0,0,0,validator_metrics,2741000000000,00:45:41.000000000,0,0,0,0,5E7RbxVyLz681r9tF9a9bfB9ZuBQa4ZARbJ8HApjRruGaNtY,1.00000
2025-12-17 13:03:51.000,miners,0,0,2,5173,0,0,366,5E7RbxVyLz681r9tF9a9bfB9ZuBQa4ZARbJ8HApjRruGaNtY,0,3.148.166.166:9001,20268,5.25,bittensor,0,0,miners,366,99,-36959,5.25,2448200,0,0,0,0.0103,0,None,0,0,0,0,validator_metrics,2741000000000,00:45:41.000000000,0,0,0,0,5E7RbxVyLz681r9tF9a9bfB9ZuBQa4ZARbJ8HApjRruGaNtY,1.00000
2025-12-17 13:03:51.000,miners,0,0,20,4921,0,0,366,5E7RbxVyLz681r9tF9a9bfB9ZuBQa4ZARbJ8HApjRruGaNtY,0,3.148.166.166:9001,16320,-0.767,bittensor,0,0,miners,366,88,-47728,-0.767,2523718,0,0,0,0.00953,0,None,0,0,0,0,validator_metrics,2741000000000,00:45:41.000000000,0,0,0,0,5E7RbxVyLz681r9tF9a9bfB9ZuBQa4ZARbJ8HApjRruGaNtY,1.00000
2025-12-17 13:03:51.000,miners,0,0,21,5117,0,0,366,5E7RbxVyLz681r9tF9a9bfB9ZuBQa4ZARbJ8HApjRruGaNtY,0,3.148.166.166:9001,16786,18.7,bittensor,0,0,miners,366,79,-37824,18.7,2465024,0,0,0,0.0102,0,None,0,0,0,0,validator_metrics,2741000000000,00:45:41.000000000,0,0,0,0,5E7RbxVyLz681r9tF9a9bfB9ZuBQa4ZARbJ8HApjRruGaNtY,1.00000
2025-12-17 13:03:51.000,miners,0,0,23,5504,0,0,366,5E7RbxVyLz681r9tF9a9bfB9ZuBQa4ZARbJ8HApjRruGaNtY,0,3.148.166.166:9001,22362,6.77,bittensor,0,0,miners,366,80,-31247,6.77,2348739,0,0,0,0.00735,0,None,0,0,0,0,validator_metrics,2741000000000,00:45:41.000000000,0,0,0,0,5E7RbxVyLz681r9tF9a9bfB9ZuBQa4ZARbJ8HApjRruGaNtY,1.00000
2025-12-17 13:03:51.000,miners,0,0,24,5223,0,0,366,5E7RbxVyLz681r9tF9a9bfB9ZuBQa4ZARbJ8HApjRruGaNtY,0,3.148.166.166:9001,19252,8.16,bittensor,0,0,miners,366,81,-35423,8.16,2432954,0,0,0,0.00925,0,None,0,0,0,0,validator_metrics,2741000000000,00:45:41.000000000,0,0,0,0,5E7RbxVyLz681r9tF9a9bfB9ZuBQa4ZARbJ8HApjRruGaNtY,1.00000
2025-12-17 13:03:51.000,miners,0,0,25,5265,0,0,366,5E7RbxVyLz681r9tF9a9bfB9ZuBQa4ZARbJ8HApjRruGaNtY,0,3.148.166.166:9001,19483,6.08,bittensor,0,0,miners,366,82,-37365,6.08,2420555,0,0,0,0.00829,0,None,0,0,0,0,validator_metrics,2741000000000,00:45:41.000000000,0,0,0,0,5E7RbxVyLz681r9tF9a9bfB9ZuBQa4ZARbJ8HApjRruGaNtY,1.00000
2025-12-17 13:03:51.000,miners,0,0,26,5268,0,0,366,5E7RbxVyLz681r9tF9a9bfB9ZuBQa4ZARbJ8HApjRruGaNtY,0,3.148.166.166:9001,18983,17.8,bittensor,0,0,miners,366,83,-46759,17.8,2419559,0,0,0,0.0113,0,None,0,0,0,0,validator_metrics,2741000000000,00:45:41.000000000,0,0,0,0,5E7RbxVyLz681r9tF9a9bfB9ZuBQa4ZARbJ8HApjRruGaNtY,1.00000
2025-12-17 13:03:51.000,miners,0,0,27,5363,0,0,366,5E7RbxVyLz681r9tF9a9bfB9ZuBQa4ZARbJ8HApjRruGaNtY,0,3.148.166.166:9001,21907,12.9,bittensor,0,0,miners,366,84,-36898,12.9,2391201,0,0,0,0.0106,0,None,0,0,0,0,validator_metrics,2741000000000,00:45:41.000000000,0,0,0,0,5E7RbxVyLz681r9tF9a9bfB9ZuBQa4ZARbJ8HApjRruGaNtY,1.00000
2025-12-17 13:03:51.000,miners,0,0,28,5043,0,0,366,5E7RbxVyLz681r9tF9a9bfB9ZuBQa4ZARbJ8HApjRruGaNtY,0,3.148.166.166:9001,17962,4.16,bittensor,0,0,miners,366,85,-36796,4.16,2486975,0,0,0,0.0114,0,None,0,0,0,0,validator_metrics,2741000000000,00:45:41.000000000,0,0,0,0,5E7RbxVyLz681r9tF9a9bfB9ZuBQa4ZARbJ8HApjRruGaNtY,1.00000
2025-12-17 13:03:51.000,miners,0,0,29,4931,0,0,366,5E7RbxVyLz681r9tF9a9bfB9ZuBQa4ZARbJ8HApjRruGaNtY,0,3.148.166.166:9001,17462,1.40,bittensor,0,0,miners,366,86,-34167,1.40,2520681,0,0,0,0.00896,0,None,0,0,0,0,validator_metrics,2741000000000,00:45:41.000000000,0,0,0,0,5E7RbxVyLz681r9tF9a9bfB9ZuBQa4ZARbJ8HApjRruGaNtY,1.00000
2025-12-17 13:03:51.000,miners,0,0,3,5312,0,0,366,5E7RbxVyLz681r9tF9a9bfB9ZuBQa4ZARbJ8HApjRruGaNtY,0,3.148.166.166:9001,18949,8.60,bittensor,0,0,miners,366,100,-39323,8.60,2406257,0,0,0,0.0115,0,None,0,0,0,0,validator_metrics,2741000000000,00:45:41.000000000,0,0,0,0,5E7RbxVyLz681r9tF9a9bfB9ZuBQa4ZARbJ8HApjRruGaNtY,1.00000
2025-12-17 13:03:51.000,miners,0,0,30,5220,0,0,366,5E7RbxVyLz681r9tF9a9bfB9ZuBQa4ZARbJ8HApjRruGaNtY,0,3.148.166.166:9001,22363,9.06,bittensor,0,0,miners,366,87,-30406,9.06,2433915,0,0,0,0.00977,0,None,0,0,0,0,validator_metrics,2741000000000,00:45:41.000000000,0,0,0,0,5E7RbxVyLz681r9tF9a9bfB9ZuBQa4ZARbJ8HApjRruGaNtY,1.00000
2025-12-17 13:03:51.000,miners,0,0,31,5334,0,0,366,5E7RbxVyLz681r9tF9a9bfB9ZuBQa4ZARbJ8HApjRruGaNtY,0,3.148.166.166:9001,20076,9.12,bittensor,0,0,miners,366,78,-41147,9.12,2399794,0,0,0,0.0112,0,None,0,0,0,0,validator_metrics,2741000000000,00:45:41.000000000,0,0,0,0,5E7RbxVyLz681r9tF9a9bfB9ZuBQa4ZARbJ8HApjRruGaNtY,1.00000
2025-12-17 13:03:51.000,miners,0,0,32,4830,0,0,366,5E7RbxVyLz681r9tF9a9bfB9ZuBQa4ZARbJ8HApjRruGaNtY,0,3.148.166.166:9001,19962,4.99,bittensor,0,0,miners,366,89,-36635,4.99,2551026,0,0,0,0.0109,0,None,0,0,0,0,validator_metrics,2741000000000,00:45:41.000000000,0,0,0,0,5E7RbxVyLz681r9tF9a9bfB9ZuBQa4ZARbJ8HApjRruGaNtY,1.00000
2025-12-17 13:03:51.000,miners,0,0,33,5322,0,0,366,5E7RbxVyLz681r9tF9a9bfB9ZuBQa4ZARbJ8HApjRruGaNtY,0,3.148.166.166:9001,13757,-0.0585,bittensor,0,0,miners,366,90,-40798,-0.0585,2403493,0,0,0,0.00924,0,None,0,0,0,0,validator_metrics,2741000000000,00:45:41.000000000,0,0,0,0,5E7RbxVyLz681r9tF9a9bfB9ZuBQa4ZARbJ8HApjRruGaNtY,1.00000
2025-12-17 13:03:51.000,miners,0,0,34,5053,0,0,366,5E7RbxVyLz681r9tF9a9bfB9ZuBQa4ZARbJ8HApjRruGaNtY,0,3.148.166.166:9001,21592,19.9,bittensor,0,0,miners,366,91,-25083,19.9,2484119,0,0,0,0.00782,0,None,0,0,0,0,validator_metrics,2741000000000,00:45:41.000000000,0,0,0,0,5E7RbxVyLz681r9tF9a9bfB9ZuBQa4ZARbJ8HApjRruGaNtY,1.00000
2025-12-17 13:03:51.000,miners,0,0,35,4973,0,0,366,5E7RbxVyLz681r9tF9a9bfB9ZuBQa4ZARbJ8HApjRruGaNtY,0,3.148.166.166:9001,25778,12.8,bittensor,0,0,miners,366,92,-28549,12.8,2508033,0,0,0,0.0133,0,None,0,0,0,0,validator_metrics,2741000000000,00:45:41.000000000,0,0,0,0,5E7RbxVyLz681r9tF9a9bfB9ZuBQa4ZARbJ8HApjRruGaNtY,1.00000
2025-12-17 13:03:51.000,miners,0,0,36,5100,0,0,366,5E7RbxVyLz681r9tF9a9bfB9ZuBQa4ZARbJ8HApjRruGaNtY,0,3.148.166.166:9001,20117,-7.24,bittensor,0,0,miners,366,93,-40221,-7.24,2469894,0,0,0,0.0129,0,None,0,0,0,0,validator_metrics,2741000000000,00:45:41.000000000,0,0,0,0,5E7RbxVyLz681r9tF9a9bfB9ZuBQa4ZARbJ8HApjRruGaNtY,1.00000
2025-12-17 13:03:51.000,miners,0,0,37,5230,0,0,366,5E7RbxVyLz681r9tF9a9bfB9ZuBQa4ZARbJ8HApjRruGaNtY,0,3.148.166.166:9001,18107,5.27,bittensor,0,0,miners,366,94,-37313,5.27,2431123,0,0,0,0.00888,0,None,0,0,0,0,validator_metrics,2741000000000,00:45:41.000000000,0,0,0,0,5E7RbxVyLz681r9tF9a9bfB9ZuBQa4ZARbJ8HApjRruGaNtY,1.00000
2025-12-17 13:03:51.000,miners,0,0,38,5314,0,0,366,5E7RbxVyLz681r9tF9a9bfB9ZuBQa4ZARbJ8HApjRruGaNtY,0,3.148.166.166:9001,21120,-4.39,bittensor,0,0,miners,366,95,-39645,-4.39,2405924,0,0,0,0.0107,0,None,0,0,0,0,validator_metrics,2741000000000,00:45:41.000000000,0,0,0,0,5E7RbxVyLz681r9tF9a9bfB9ZuBQa4ZARbJ8HApjRruGaNtY,1.00000
2025-12-17 13:03:51.000,miners,0,0,39,4769,0,0,366,5E7RbxVyLz681r9tF9a9bfB9ZuBQa4ZARbJ8HApjRruGaNtY,0,3.148.166.166:9001,21047,-0.0453,bittensor,0,0,miners,366,96,-31816,-0.0453,2569228,0,0,0,0.0116,0,None,0,0,0,0,validator_metrics,2741000000000,00:45:41.000000000,0,0,0,0,5E7RbxVyLz681r9tF9a9bfB9ZuBQa4ZARbJ8HApjRruGaNtY,1.00000
2025-12-17 13:03:51.000,miners,0,0,4,5186,0,0,366,5E7RbxVyLz681r9tF9a9bfB9ZuBQa4ZARbJ8HApjRruGaNtY,0,3.148.166.166:9001,21301,4.61,bittensor,0,0,miners,366,101,-38991,4.61,2444295,0,0,0,0.0112,0,None,0,0,0,0,validator_metrics,2741000000000,00:45:41.000000000,0,0,0,0,5E7RbxVyLz681r9tF9a9bfB9ZuBQa4ZARbJ8HApjRruGaNtY,1.00000
2025-12-17 13:03:51.000,miners,0,0,40,5472,0,0,366,5E7RbxVyLz681r9tF9a9bfB9ZuBQa4ZARbJ8HApjRruGaNtY,0,3.148.166.166:9001,22143,10.2,bittensor,0,0,miners,366,107,-36212,10.2,2358251,0,0,0,0.0106,0,None,0,0,0,0,validator_metrics,2741000000000,00:45:41.000000000,0,0,0,0,5E7RbxVyLz681r9tF9a9bfB9ZuBQa4ZARbJ8HApjRruGaNtY,1.00000
2025-12-17 13:03:51.000,miners,0,0,41,5566,0,0,366,5E7RbxVyLz681r9tF9a9bfB9ZuBQa4ZARbJ8HApjRruGaNtY,0,3.148.166.166:9001,21996,0.685,bittensor,0,0,miners,366,136,-36020,0.685,2330260,0,0,0,0.00746,0,None,0,0,0,0,validator_metrics,2741000000000,00:45:41.000000000,0,0,0,0,5E7RbxVyLz681r9tF9a9bfB9ZuBQa4ZARbJ8HApjRruGaNtY,1.00000
2025-12-17 13:03:51.000,miners,0,0,42,4978,0,0,366,5E7RbxVyLz681r9tF9a9bfB9ZuBQa4ZARbJ8HApjRruGaNtY,0,3.148.166.166:9001,24148,15.0,bittensor,0,0,miners,366,137,-18878,15.0,2506566,0,0,0,0.0117,0,None,0,0,0,0,validator_metrics,2741000000000,00:45:41.000000000,0,0,0,0,5E7RbxVyLz681r9tF9a9bfB9ZuBQa4ZARbJ8HApjRruGaNtY,1.00000
2025-12-17 13:03:51.000,miners,0,0,43,4926,0,0,366,5E7RbxVyLz681r9tF9a9bfB9ZuBQa4ZARbJ8HApjRruGaNtY,0,3.148.166.166:9001,18168,16.3,bittensor,0,0,miners,366,138,-41871,16.3,2522114,0,0,0,0.00901,0,None,0,0,0,0,validator_metrics,2741000000000,00:45:41.000000000,0,0,0,0,5E7RbxVyLz681r9tF9a9bfB9ZuBQa4ZARbJ8HApjRruGaNtY,1.00000
2025-12-17 13:03:51.000,miners,0,0,44,5188,0,0,366,5E7RbxVyLz681r9tF9a9bfB9ZuBQa4ZARbJ8HApjRruGaNtY,0,3.148.166.166:9001,23627,-4.00,bittensor,0,0,miners,366,139,-31591,-4.00,2443537,0,0,0,0.00696,0,None,0,0,0,0,validator_metrics,2741000000000,00:45:41.000000000,0,0,0,0,5E7RbxVyLz681r9tF9a9bfB9ZuBQa4ZARbJ8HApjRruGaNtY,1.00000
2025-12-17 13:03:51.000,miners,0,0,45,5165,0,0,366,5E7RbxVyLz681r9tF9a9bfB9ZuBQa4ZARbJ8HApjRruGaNtY,0,3.148.166.166:9001,19679,2.53,bittensor,0,0,miners,366,140,-34105,2.53,2450640,0,0,0,0.0104,0,None,0,0,0,0,validator_metrics,2741000000000,00:45:41.000000000,0,0,0,0,5E7RbxVyLz681r9tF9a9bfB9ZuBQa4ZARbJ8HApjRruGaNtY,1.00000
2025-12-17 13:03:51.000,miners,0,0,46,5434,0,0,366,5E7RbxVyLz681r9tF9a9bfB9ZuBQa4ZARbJ8HApjRruGaNtY,0,3.148.166.166:9001,20860,8.43,bittensor,0,0,miners,366,141,-36458,8.43,2369933,0,0,0,0.0115,0,None,0,0,0,0,validator_metrics,2741000000000,00:45:41.000000000,0,0,0,0,5E7RbxVyLz681r9tF9a9bfB9ZuBQa4ZARbJ8HApjRruGaNtY,1.00000
2025-12-17 13:03:51.000,miners,0,0,47,5234,0,0,366,5E7RbxVyLz681r9tF9a9bfB9ZuBQa4ZARbJ8HApjRruGaNtY,0,3.148.166.166:9001,22804,4.93,bittensor,0,0,miners,366,142,-32181,4.93,2429905,0,0,0,0.00880,0,None,0,0,0,0,validator_metrics,2741000000000,00:45:41.000000000,0,0,0,0,5E7RbxVyLz681r9tF9a9bfB9ZuBQa4ZARbJ8HApjRruGaNtY,1.00000
2025-12-17 13:03:51.000,miners,0,0,48,4721,0,0,366,5E7RbxVyLz681r9tF9a9bfB9ZuBQa4ZARbJ8HApjRruGaNtY,0,3.148.166.166:9001,24714,-1.05,bittensor,0,0,miners,366,143,-26668,-1.05,2583576,0,0,0,0.0111,0,None,0,0,0,0,validator_metrics,2741000000000,00:45:41.000000000,0,0,0,0,5E7RbxVyLz681r9tF9a9bfB9ZuBQa4ZARbJ8HApjRruGaNtY,1.00000
2025-12-17 13:03:51.000,miners,0,0,49,5187,0,0,366,5E7RbxVyLz681r9tF9a9bfB9ZuBQa4ZARbJ8HApjRruGaNtY,0,3.148.166.166:9001,14708,6.99,bittensor,0,0,miners,366,144,-42093,6.99,2443811,0,0,0,0.00790,0,None,0,0,0,0,validator_metrics,2741000000000,00:45:41.000000000,0,0,0,0,5E7RbxVyLz681r9tF9a9bfB9ZuBQa4ZARbJ8HApjRruGaNtY,1.00000
2025-12-17 13:03:51.000,miners,0,0,5,4950,0,0,366,5E7RbxVyLz681r9tF9a9bfB9ZuBQa4ZARbJ8HApjRruGaNtY,0,3.148.166.166:9001,20937,29.8,bittensor,0,0,miners,366,102,-32190,29.8,2515118,0,0,0,0.0125,0,None,0,0,0,0,validator_metrics,2741000000000,00:45:41.000000000,0,0,0,0,5E7RbxVyLz681r9tF9a9bfB9ZuBQa4ZARbJ8HApjRruGaNtY,1.00000
2025-12-17 13:03:51.000,miners,0,0,50,5230,0,0,366,5E7RbxVyLz681r9tF9a9bfB9ZuBQa4ZARbJ8HApjRruGaNtY,0,3.148.166.166:9001,25435,19.3,bittensor,0,0,miners,366,135,-31250,19.3,2431147,0,0,0,0.0123,0,None,0,0,0,0,validator_metrics,2741000000000,00:45:41.000000000,0,0,0,0,5E7RbxVyLz681r9tF9a9bfB9ZuBQa4ZARbJ8HApjRruGaNtY,1.00000
2025-12-17 13:03:51.000,miners,0,0,51,5033,0,0,366,5E7RbxVyLz681r9tF9a9bfB9ZuBQa4ZARbJ8HApjRruGaNtY,0,3.148.166.166:9001,18831,1.41,bittensor,0,0,miners,366,146,-33774,1.41,2490153,0,0,0,0.00990,0,None,0,0,0,0,validator_metrics,2741000000000,00:45:41.000000000,0,0,0,0,5E7RbxVyLz681r9tF9a9bfB9ZuBQa4ZARbJ8HApjRruGaNtY,1.00000
2025-12-17 13:03:51.000,miners,0,0,52,5410,0,0,366,5E7RbxVyLz681r9tF9a9bfB9ZuBQa4ZARbJ8HApjRruGaNtY,0,3.148.166.166:9001,24057,15.5,bittensor,0,0,miners,366,147,-27247,15.5,2377122,0,0,0,0.00827,0,None,0,0,0,0,validator_metrics,2741000000000,00:45:41.000000000,0,0,0,0,5E7RbxVyLz681r9tF9a9bfB9ZuBQa4ZARbJ8HApjRruGaNtY,1.00000
2025-12-17 13:03:51.000,miners,0,0,53,5230,0,0,366,5E7RbxVyLz681r9tF9a9bfB9ZuBQa4ZARbJ8HApjRruGaNtY,0,3.148.166.166:9001,21818,13.7,bittensor,0,0,miners,366,148,-27501,13.7,2431125,0,0,0,0.00654,0,None,0,0,0,0,validator_metrics,2741000000000,00:45:41.000000000,0,0,0,0,5E7RbxVyLz681r9tF9a9bfB9ZuBQa4ZARbJ8HApjRruGaNtY,1.00000
2025-12-17 13:03:51.000,miners,0,0,54,4828,0,0,366,5E7RbxVyLz681r9tF9a9bfB9ZuBQa4ZARbJ8HApjRruGaNtY,0,3.148.166.166:9001,16701,9.62,bittensor,0,0,miners,366,149,-45199,9.62,2551746,0,0,0,0.00921,0,None,0,0,0,0,validator_metrics,2741000000000,00:45:41.000000000,0,0,0,0,5E7RbxVyLz681r9tF9a9bfB9ZuBQa4ZARbJ8HApjRruGaNtY,1.00000
2025-12-17 13:03:51.000,miners,0,0,55,5239,0,0,366,5E7RbxVyLz681r9tF9a9bfB9ZuBQa4ZARbJ8HApjRruGaNtY,0,3.148.166.166:9001,21869,11.7,bittensor,0,0,miners,366,150,-34873,11.7,2428443,0,0,0,0.0103,0,None,0,0,0,0,validator_metrics,2741000000000,00:45:41.000000000,0,0,0,0,5E7RbxVyLz681r9tF9a9bfB9ZuBQa4ZARbJ8HApjRruGaNtY,1.00000
2025-12-17 13:03:51.000,miners,0,0,56,5155,0,0,366,5E7RbxVyLz681r9tF9a9bfB9ZuBQa4ZARbJ8HApjRruGaNtY,0,3.148.166.166:9001,20342,11.0,bittensor,0,0,miners,366,151,-33515,11.0,2453431,0,0,0,0.0120,0,None,0,0,0,0,validator_metrics,2741000000000,00:45:41.000000000,0,0,0,0,5E7RbxVyLz681r9tF9a9bfB9ZuBQa4ZARbJ8HApjRruGaNtY,1.00000
2025-12-17 13:03:51.000,miners,0,0,57,5217,0,0,366,5E7RbxVyLz681r9tF9a9bfB9ZuBQa4ZARbJ8HApjRruGaNtY,0,3.148.166.166:9001,18854,-2.45,bittensor,0,0,miners,366,152,-41099,-2.45,2434934,0,0,0,0.00854,0,None,0,0,0,0,validator_metrics,2741000000000,00:45:41.000000000,0,0,0,0,5E7RbxVyLz681r9tF9a9bfB9ZuBQa4ZARbJ8HApjRruGaNtY,1.00000
2025-12-17 13:03:51.000,miners,0,0,58,5126,0,0,366,5E7RbxVyLz681r9tF9a9bfB9ZuBQa4ZARbJ8HApjRruGaNtY,0,3.148.166.166:9001,19978,6.10,bittensor,0,0,miners,366,153,-33696,6.10,2462243,0,0,0,0.0113,0,None,0,0,0,0,validator_metrics,2741000000000,00:45:41.000000000,0,0,0,0,5E7RbxVyLz681r9tF9a9bfB9ZuBQa4ZARbJ8HApjRruGaNtY,1.00000
2025-12-17 13:03:51.000,miners,0,0,59,5119,0,0,366,5E7RbxVyLz681r9tF9a9bfB9ZuBQa4ZARbJ8HApjRruGaNtY,0,3.148.166.166:9001,18892,8.85,bittensor,0,0,miners,366,126,-35686,8.85,2464365,0,0,0,0.00837,0,None,0,0,0,0,validator_metrics,2741000000000,00:45:41.000000000,0,0,0,0,5E7RbxVyLz681r9tF9a9bfB9ZuBQa4ZARbJ8HApjRruGaNtY,1.00000
2025-12-17 13:03:51.000,miners,0,0,6,5315,0,0,366,5E7RbxVyLz681r9tF9a9bfB9ZuBQa4ZARbJ8HApjRruGaNtY,0,3.148.166.166:9001,19395,-1.86,bittensor,0,0,miners,366,103,-43286,-1.86,2405547,0,0,0,0.0113,0,None,0,0,0,0,validator_metrics,2741000000000,00:45:41.000000000,0,0,0,0,5E7RbxVyLz681r9tF9a9bfB9ZuBQa4ZARbJ8HApjRruGaNtY,1.00000
2025-12-17 13:03:51.000,miners,0,0,60,5451,0,0,366,5E7RbxVyLz681r9tF9a9bfB9ZuBQa4ZARbJ8HApjRruGaNtY,0,3.148.166.166:9001,19445,2.26,bittensor,0,0,miners,366,117,-30019,2.26,2364636,0,0,0,0.0106,0,None,0,0,0,0,validator_metrics,2741000000000,00:45:41.000000000,0,0,0,0,5E7RbxVyLz681r9tF9a9bfB9ZuBQa4ZARbJ8HApjRruGaNtY,1.00000
2025-12-17 13:03:51.000,miners,0,0,61,5527,0,0,366,5E7RbxVyLz681r9tF9a9bfB9ZuBQa4ZARbJ8HApjRruGaNtY,0,3.148.166.166:9001,25919,19.0,bittensor,0,0,miners,366,118,-36705,19.0,2341767,0,0,0,0.00853,0,None,0,0,0,0,validator_metrics,2741000000000,00:45:41.000000000,0,0,0,0,5E7RbxVyLz681r9tF9a9bfB9ZuBQa4ZARbJ8HApjRruGaNtY,1.00000
2025-12-17 13:03:51.000,miners,0,0,62,5289,0,0,366,5E7RbxVyLz681r9tF9a9bfB9ZuBQa4ZARbJ8HApjRruGaNtY,0,3.148.166.166:9001,19320,7.46,bittensor,0,0,miners,366,119,-46326,7.46,2413237,0,0,0,0.00827,0,None,0,0,0,0,validator_metrics,2741000000000,00:45:41.000000000,0,0,0,0,5E7RbxVyLz681r9tF9a9bfB9ZuBQa4ZARbJ8HApjRruGaNtY,1.00000
2025-12-17 13:03:51.000,miners,0,0,63,5137,0,0,366,5E7RbxVyLz681r9tF9a9bfB9ZuBQa4ZARbJ8HApjRruGaNtY,0,3.148.166.166:9001,19541,15.8,bittensor,0,0,miners,366,120,-43957,15.8,2458773,0,0,0,0.0118,0,None,0,0,0,0,validator_metrics,2741000000000,00:45:41.000000000,0,0,0,0,5E7RbxVyLz681r9tF9a9bfB9ZuBQa4ZARbJ8HApjRruGaNtY,1.00000
2025-12-17 13:03:51.000,miners,0,0,64,5055,0,0,366,5E7RbxVyLz681r9tF9a9bfB9ZuBQa4ZARbJ8HApjRruGaNtY,0,3.148.166.166:9001,13959,5.83,bittensor,0,0,miners,366,121,-34028,5.83,2483432,0,0,0,0.00904,0,None,0,0,0,0,validator_metrics,2741000000000,00:45:41.000000000,0,0,0,0,5E7RbxVyLz681r9tF9a9bfB9ZuBQa4ZARbJ8HApjRruGaNtY,1.00000
2025-12-17 13:03:51.000,miners,0,0,65,5069,0,0,366,5E7RbxVyLz681r9tF9a9bfB9ZuBQa4ZARbJ8HApjRruGaNtY,0,3.148.166.166:9001,15559,10.4,bittensor,0,0,miners,366,122,-36375,10.4,2479430,0,0,0,0.00945,0,None,0,0,0,0,validator_metrics,2741000000000,00:45:41.000000000,0,0,0,0,5E7RbxVyLz681r9tF9a9bfB9ZuBQa4ZARbJ8HApjRruGaNtY,1.00000
2025-12-17 13:03:51.000,miners,0,0,66,5077,0,0,366,5E7RbxVyLz681r9tF9a9bfB9ZuBQa4ZARbJ8HApjRruGaNtY,0,3.148.166.166:9001,16255,0.202,bittensor,0,0,miners,366,123,-40286,0.202,2476956,0,0,0,0.00740,0,None,0,0,0,0,validator_metrics,2741000000000,00:45:41.000000000,0,0,0,0,5E7RbxVyLz681r9tF9a9bfB9ZuBQa4ZARbJ8HApjRruGaNtY,1.00000
2025-12-17 13:03:51.000,miners,0,0,67,4992,0,0,366,5E7RbxVyLz681r9tF9a9bfB9ZuBQa4ZARbJ8HApjRruGaNtY,0,3.148.166.166:9001,17994,16.3,bittensor,0,0,miners,366,124,-43682,16.3,2502469,0,0,0,0.00957,0,None,0,0,0,0,validator_metrics,2741000000000,00:45:41.000000000,0,0,0,0,5E7RbxVyLz681r9tF9a9bfB9ZuBQa4ZARbJ8HApjRruGaNtY,1.00000
2025-12-17 13:03:51.000,miners,0,0,68,4934,0,0,366,5E7RbxVyLz681r9tF9a9bfB9ZuBQa4ZARbJ8HApjRruGaNtY,0,3.148.166.166:9001,16187,16.4,bittensor,0,0,miners,366,125,-37045,16.4,2519910,0,0,0,0.00686,0,None,0,0,0,0,validator_metrics,2741000000000,00:45:41.000000000,0,0,0,0,5E7RbxVyLz681r9tF9a9bfB9ZuBQa4ZARbJ8HApjRruGaNtY,1.00000
2025-12-17 13:03:51.000,miners,0,0,69,5374,0,0,366,5E7RbxVyLz681r9tF9a9bfB9ZuBQa4ZARbJ8HApjRruGaNtY,0,3.148.166.166:9001,17104,7.52,bittensor,0,0,miners,366,116,-43770,7.52,2387714,0,0,0,0.00921,0,None,0,0,0,0,validator_metrics,2741000000000,00:45:41.000000000,0,0,0,0,5E7RbxVyLz681r9tF9a9bfB9ZuBQa4ZARbJ8HApjRruGaNtY,1.00000
2025-12-17 13:03:51.000,miners,0,0,7,4663,0,0,366,5E7RbxVyLz681r9tF9a9bfB9ZuBQa4ZARbJ8HApjRruGaNtY,0,3.148.166.166:9001,15794,23.6,bittensor,0,0,miners,366,104,-38623,23.6,2601052,0,0,0,0.0103,0,None,0,0,0,0,validator_metrics,2741000000000,00:45:41.000000000,0,0,0,0,5E7RbxVyLz681r9tF9a9bfB9ZuBQa4ZARbJ8HApjRruGaNtY,1.00000
2025-12-17 13:03:51.000,miners,0,0,70,5403,0,0,366,5E7RbxVyLz681r9tF9a9bfB9ZuBQa4ZARbJ8HApjRruGaNtY,0,3.148.166.166:9001,17227,6.04,bittensor,0,0,miners,366,127,-41051,6.04,2379009,0,0,0,0.00839,0,None,0,0,0,0,validator_metrics,2741000000000,00:45:41.000000000,0,0,0,0,5E7RbxVyLz681r9tF9a9bfB9ZuBQa4ZARbJ8HApjRruGaNtY,1.00000
2025-12-17 13:03:51.000,miners,0,0,71,4950,0,0,366,5E7RbxVyLz681r9tF9a9bfB9ZuBQa4ZARbJ8HApjRruGaNtY,0,3.148.166.166:9001,17326,3.71,bittensor,0,0,miners,366,128,-39113,3.71,2514904,0,0,0,0.0108,0,None,0,0,0,0,validator_metrics,2741000000000,00:45:41.000000000,0,0,0,0,5E7RbxVyLz681r9tF9a9bfB9ZuBQa4ZARbJ8HApjRruGaNtY,1.00000
2025-12-17 13:03:51.000,miners,0,0,72,5094,0,0,366,5E7RbxVyLz681r9tF9a9bfB9ZuBQa4ZARbJ8HApjRruGaNtY,0,3.148.166.166:9001,16351,1.61,bittensor,0,0,miners,366,129,-38386,1.61,2471721,0,0,0,0.00909,0,None,0,0,0,0,validator_metrics,2741000000000,00:45:41.000000000,0,0,0,0,5E7RbxVyLz681r9tF9a9bfB9ZuBQa4ZARbJ8HApjRruGaNtY,1.00000
2025-12-17 13:03:51.000,miners,0,0,73,5269,0,0,366,5E7RbxVyLz681r9tF9a9bfB9ZuBQa4ZARbJ8HApjRruGaNtY,0,3.148.166.166:9001,19353,9.34,bittensor,0,0,miners,366,130,-41033,9.34,2419283,0,0,0,0.0118,0,None,0,0,0,0,validator_metrics,2741000000000,00:45:41.000000000,0,0,0,0,5E7RbxVyLz681r9tF9a9bfB9ZuBQa4ZARbJ8HApjRruGaNtY,1.00000
2025-12-17 13:03:51.000,miners,0,0,74,5243,0,0,366,5E7RbxVyLz681r9tF9a9bfB9ZuBQa4ZARbJ8HApjRruGaNtY,0,3.148.166.166:9001,15831,5.27,bittensor,0,0,miners,366,131,-53734,5.27,2427090,0,0,0,0.00943,0,None,0,0,0,0,validator_metrics,2741000000000,00:45:41.000000000,0,0,0,0,5E7RbxVyLz681r9tF9a9bfB9ZuBQa4ZARbJ8HApjRruGaNtY,1.00000
2025-12-17 13:03:51.000,miners,0,0,75,5189,0,0,366,5E7RbxVyLz681r9tF9a9bfB9ZuBQa4ZARbJ8HApjRruGaNtY,0,3.148.166.166:9001,19644,5.58,bittensor,0,0,miners,366,132,-45913,5.58,2443202,0,0,0,0.00824,0,None,0,0,0,0,validator_metrics,2741000000000,00:45:41.000000000,0,0,0,0,5E7RbxVyLz681r9tF9a9bfB9ZuBQa4ZARbJ8HApjRruGaNtY,1.00000
2025-12-17 13:03:51.000,miners,0,0,76,5464,0,0,366,5E7RbxVyLz681r9tF9a9bfB9ZuBQa4ZARbJ8HApjRruGaNtY,0,3.148.166.166:9001,21567,8.04,bittensor,0,0,miners,366,133,-36035,8.04,2360718,0,0,0,0.00917,0,None,0,0,0,0,validator_metrics,2741000000000,00:45:41.000000000,0,0,0,0,5E7RbxVyLz681r9tF9a9bfB9ZuBQa4ZARbJ8HApjRruGaNtY,1.00000
2025-12-17 13:03:51.000,miners,0,0,77,5232,0,0,366,5E7RbxVyLz681r9tF9a9bfB9ZuBQa4ZARbJ8HApjRruGaNtY,0,3.148.166.166:9001,19986,27.3,bittensor,0,0,miners,366,50,-25068,27.3,2430291,0,0,0,0.00883,0,None,0,0,0,0,validator_metrics,2741000000000,00:45:41.000000000,0,0,0,0,5E7RbxVyLz681r9tF9a9bfB9ZuBQa4ZARbJ8HApjRruGaNtY,1.00000
2025-12-17 13:03:51.000,miners,0,0,78,5144,0,0,366,5E7RbxVyLz681r9tF9a9bfB9ZuBQa4ZARbJ8HApjRruGaNtY,0,3.148.166.166:9001,18712,-1.78,bittensor,0,0,miners,366,145,-40655,-1.78,2456842,0,0,0,0.00951,0,None,0,0,0,0,validator_metrics,2741000000000,00:45:41.000000000,0,0,0,0,5E7RbxVyLz681r9tF9a9bfB9ZuBQa4ZARbJ8HApjRruGaNtY,1.00000
2025-12-17 13:03:51.000,miners,0,0,79,5328,0,0,366,5E7RbxVyLz681r9tF9a9bfB9ZuBQa4ZARbJ8HApjRruGaNtY,0,3.148.166.166:9001,22499,8.85,bittensor,0,0,miners,366,27,-37364,8.85,2401579,0,0,0,0.00863,0,None,0,0,0,0,validator_metrics,2741000000000,00:45:41.000000000,0,0,0,0,5E7RbxVyLz681r9tF9a9bfB9ZuBQa4ZARbJ8HApjRruGaNtY,1.00000
2025-12-17 13:03:51.000,miners,0,0,8,5551,0,0,366,5E7RbxVyLz681r9tF9a9bfB9ZuBQa4ZARbJ8HApjRruGaNtY,0,3.148.166.166:9001,17871,8.18,bittensor,0,0,miners,366,105,-35687,8.18,2334588,0,0,0,0.00902,0,None,0,0,0,0,validator_metrics,2741000000000,00:45:41.000000000,0,0,0,0,5E7RbxVyLz681r9tF9a9bfB9ZuBQa4ZARbJ8HApjRruGaNtY,1.00000
2025-12-17 13:03:51.000,miners,0,0,80,5321,0,0,366,5E7RbxVyLz681r9tF9a9bfB9ZuBQa4ZARbJ8HApjRruGaNtY,0,3.148.166.166:9001,21553,8.93,bittensor,0,0,miners,366,49,-31221,8.93,2403617,0,0,0,0.00875,0,None,0,0,0,0,validator_metrics,2741000000000,00:45:41.000000000,0,0,0,0,5E7RbxVyLz681r9tF9a9bfB9ZuBQa4ZARbJ8HApjRruGaNtY,1.00000
2025-12-17 13:03:51.000,miners,0,0,82,5038,0,0,366,5E7RbxVyLz681r9tF9a9bfB9ZuBQa4ZARbJ8HApjRruGaNtY,0,3.148.166.166:9001,18400,4.42,bittensor,0,0,miners,366,48,-35692,4.42,2488536,0,0,0,0.0125,0,None,0,0,0,0,validator_metrics,2741000000000,00:45:41.000000000,0,0,0,0,5E7RbxVyLz681r9tF9a9bfB9ZuBQa4ZARbJ8HApjRruGaNtY,1.00000
2025-12-17 13:03:51.000,miners,0,0,83,5051,0,0,366,5E7RbxVyLz681r9tF9a9bfB9ZuBQa4ZARbJ8HApjRruGaNtY,0,3.148.166.166:9001,21234,-0.176,bittensor,0,0,miners,366,47,-30400,-0.176,2484771,0,0,0,0.00732,0,None,0,0,0,0,validator_metrics,2741000000000,00:45:41.000000000,0,0,0,0,5E7RbxVyLz681r9tF9a9bfB9ZuBQa4ZARbJ8HApjRruGaNtY,1.00000
2025-12-17 13:03:51.000,miners,0,0,84,5216,0,0,366,5E7RbxVyLz681r9tF9a9bfB9ZuBQa4ZARbJ8HApjRruGaNtY,0,3.148.166.166:9001,17793,4.71,bittensor,0,0,miners,366,46,-29611,4.71,2435094,0,0,0,0.0106,0,None,0,0,0,0,validator_metrics,2741000000000,00:45:41.000000000,0,0,0,0,5E7RbxVyLz681r9tF9a9bfB9ZuBQa4ZARbJ8HApjRruGaNtY,1.00000
2025-12-17 13:03:51.000,miners,0,0,85,5385,0,0,366,5E7RbxVyLz681r9tF9a9bfB9ZuBQa4ZARbJ8HApjRruGaNtY,0,3.148.166.166:9001,21154,13.5,bittensor,0,0,miners,366,45,-35701,13.5,2384511,0,0,0,0.0106,0,None,0,0,0,0,validator_metrics,2741000000000,00:45:41.000000000,0,0,0,0,5E7RbxVyLz681r9tF9a9bfB9ZuBQa4ZARbJ8HApjRruGaNtY,1.00000
2025-12-17 13:03:51.000,miners,0,0,86,5385,0,0,366,5E7RbxVyLz681r9tF9a9bfB9ZuBQa4ZARbJ8HApjRruGaNtY,0,3.148.166.166:9001,20127,1.63,bittensor,0,0,miners,366,44,-27598,1.63,2384634,0,0,0,0.0124,0,None,0,0,0,0,validator_metrics,2741000000000,00:45:41.000000000,0,0,0,0,5E7RbxVyLz681r9tF9a9bfB9ZuBQa4ZARbJ8HApjRruGaNtY,1.00000
2025-12-17 13:03:51.000,miners,0,0,87,4963,0,0,366,5E7RbxVyLz681r9tF9a9bfB9ZuBQa4ZARbJ8HApjRruGaNtY,0,3.148.166.166:9001,23516,12.3,bittensor,0,0,miners,366,43,-28439,12.3,2510964,0,0,0,0.00930,0,None,0,0,0,0,validator_metrics,2741000000000,00:45:41.000000000,0,0,0,0,5E7RbxVyLz681r9tF9a9bfB9ZuBQa4ZARbJ8HApjRruGaNtY,1.00000
2025-12-17 13:03:51.000,miners,0,0,88,5121,0,0,366,5E7RbxVyLz681r9tF9a9bfB9ZuBQa4ZARbJ8HApjRruGaNtY,0,3.148.166.166:9001,22524,4.37,bittensor,0,0,miners,366,42,-44436,4.37,2463750,0,0,0,0.0134,0,None,0,0,0,0,validator_metrics,2741000000000,00:45:41.000000000,0,0,0,0,5E7RbxVyLz681r9tF9a9bfB9ZuBQa4ZARbJ8HApjRruGaNtY,1.00000
2025-12-17 13:03:51.000,miners,0,0,89,5109,0,0,366,5E7RbxVyLz681r9tF9a9bfB9ZuBQa4ZARbJ8HApjRruGaNtY,0,3.148.166.166:9001,16031,2.52,bittensor,0,0,miners,366,41,-29210,2.52,2467444,0,0,0,0.00690,0,None,0,0,0,0,validator_metrics,2741000000000,00:45:41.000000000,0,0,0,0,5E7RbxVyLz681r9tF9a9bfB9ZuBQa4ZARbJ8HApjRruGaNtY,1.00000
2025-12-17 13:03:51.000,miners,0,0,9,5449,0,0,366,5E7RbxVyLz681r9tF9a9bfB9ZuBQa4ZARbJ8HApjRruGaNtY,0,3.148.166.166:9001,16989,0.611,bittensor,0,0,miners,366,106,-35955,0.611,2365193,0,0,0,0.00976,0,None,0,0,0,0,validator_metrics,2741000000000,00:45:41.000000000,0,0,0,0,5E7RbxVyLz681r9tF9a9bfB9ZuBQa4ZARbJ8HApjRruGaNtY,1.00000
2025-12-17 13:03:51.000,miners,0,0,90,5053,0,0,366,5E7RbxVyLz681r9tF9a9bfB9ZuBQa4ZARbJ8HApjRruGaNtY,0,3.148.166.166:9001,19593,4.16,bittensor,0,0,miners,366,40,-38491,4.16,2484079,0,0,0,0.0107,0,None,0,0,0,0,validator_metrics,2741000000000,00:45:41.000000000,0,0,0,0,5E7RbxVyLz681r9tF9a9bfB9ZuBQa4ZARbJ8HApjRruGaNtY,1.00000
2025-12-17 13:03:51.000,miners,0,0,91,5201,0,0,366,5E7RbxVyLz681r9tF9a9bfB9ZuBQa4ZARbJ8HApjRruGaNtY,0,3.148.166.166:9001,22757,9.32,bittensor,0,0,miners,366,39,-39688,9.32,2439649,0,0,0,0.0108,0,None,0,0,0,0,validator_metrics,2741000000000,00:45:41.000000000,0,0,0,0,5E7RbxVyLz681r9tF9a9bfB9ZuBQa4ZARbJ8HApjRruGaNtY,1.00000
2025-12-17 13:03:51.000,miners,0,0,92,4660,0,0,366,5E7RbxVyLz681r9tF9a9bfB9ZuBQa4ZARbJ8HApjRruGaNtY,0,3.148.166.166:9001,16255,15.7,bittensor,0,0,miners,366,38,-38372,15.7,2602010,0,0,0,0.0129,0,None,0,0,0,0,validator_metrics,2741000000000,00:45:41.000000000,0,0,0,0,5E7RbxVyLz681r9tF9a9bfB9ZuBQa4ZARbJ8HApjRruGaNtY,1.00000
2025-12-17 13:03:51.000,miners,0,0,93,4819,0,0,366,5E7RbxVyLz681r9tF9a9bfB9ZuBQa4ZARbJ8HApjRruGaNtY,0,3.148.166.166:9001,15223,-5.20,bittensor,0,0,miners,366,37,-42176,-5.20,2554260,0,0,0,0.00793,0,None,0,0,0,0,validator_metrics,2741000000000,00:45:41.000000000,0,0,0,0,5E7RbxVyLz681r9tF9a9bfB9ZuBQa4ZARbJ8HApjRruGaNtY,1.00000
2025-12-17 13:03:51.000,miners,0,0,94,5131,0,0,366,5E7RbxVyLz681r9tF9a9bfB9ZuBQa4ZARbJ8HApjRruGaNtY,0,3.148.166.166:9001,17015,14.2,bittensor,0,0,miners,366,36,-40607,14.2,2460750,0,0,0,0.00744,0,None,0,0,0,0,validator_metrics,2741000000000,00:45:41.000000000,0,0,0,0,5E7RbxVyLz681r9tF9a9bfB9ZuBQa4ZARbJ8HApjRruGaNtY,1.00000
2025-12-17 13:03:51.000,miners,0,0,95,5368,0,0,366,5E7RbxVyLz681r9tF9a9bfB9ZuBQa4ZARbJ8HApjRruGaNtY,0,3.148.166.166:9001,21844,19.5,bittensor,0,0,miners,366,35,-39576,19.5,2389605,0,0,0,0.0107,0,None,0,0,0,0,validator_metrics,2741000000000,00:45:41.000000000,0,0,0,0,5E7RbxVyLz681r9tF9a9bfB9ZuBQa4ZARbJ8HApjRruGaNtY,1.00000
2025-12-17 13:03:51.000,miners,0,0,96,4984,0,0,366,5E7RbxVyLz681r9tF9a9bfB9ZuBQa4ZARbJ8HApjRruGaNtY,0,3.148.166.166:9001,18953,8.59,bittensor,0,0,miners,366,24,-41105,8.59,2504850,0,0,0,0.00919,0,None,0,0,0,0,validator_metrics,2741000000000,00:45:41.000000000,0,0,0,0,5E7RbxVyLz681r9tF9a9bfB9ZuBQa4ZARbJ8HApjRruGaNtY,1.00000
2025-12-17 13:03:51.000,miners,0,0,97,5156,0,0,366,5E7RbxVyLz681r9tF9a9bfB9ZuBQa4ZARbJ8HApjRruGaNtY,0,3.148.166.166:9001,16681,3.07,bittensor,0,0,miners,366,25,-44386,3.07,2453141,0,0,0,0.00853,0,None,0,0,0,0,validator_metrics,2741000000000,00:45:41.000000000,0,0,0,0,5E7RbxVyLz681r9tF9a9bfB9ZuBQa4ZARbJ8HApjRruGaNtY,1.00000
2025-12-17 13:03:51.000,miners,0,0,98,5239,0,0,366,5E7RbxVyLz681r9tF9a9bfB9ZuBQa4ZARbJ8HApjRruGaNtY,0,3.148.166.166:9001,18757,6.84,bittensor,0,0,miners,366,26,-33001,6.84,2428334,0,0,0,0.0125,0,None,0,0,0,0,validator_metrics,2741000000000,00:45:41.000000000,0,0,0,0,5E7RbxVyLz681r9tF9a9bfB9ZuBQa4ZARbJ8HApjRruGaNtY,1.00000
2025-12-17 13:03:51.000,miners,0,0,99,5363,0,0,366,5E7RbxVyLz681r9tF9a9bfB9ZuBQa4ZARbJ8HApjRruGaNtY,0,3.148.166.166:9001,18562,3.32,bittensor,0,0,miners,366,28,-37265,3.32,2391160,0,0,0,0.0121,0,None,0,0,0,0,validator_metrics,2741000000000,00:45:41.000000000,0,0,0,0,5E7RbxVyLz681r9tF9a9bfB9ZuBQa4ZARbJ8HApjRruGaNtY,1.00000
2025-12-17 13:03:51.000,miners,0.000409,0,112,4663,0,0,366,5E7RbxVyLz681r9tF9a9bfB9ZuBQa4ZARbJ8HApjRruGaNtY,0,3.148.166.166:9001,19191,22.7,bittensor,0,0,miners,366,20,-39245,22.7,2601065,0,0,0.000515,0.0107,0,None,0,0,0.000169,0.000339,validator_metrics,2741000000000,00:45:41.000000000,0,0,0,0,5E7RbxVyLz681r9tF9a9bfB9ZuBQa4ZARbJ8HApjRruGaNtY,1.00000
2025-12-17 13:03:51.000,miners,0.000839,0,124,4888,0,0,366,5E7RbxVyLz681r9tF9a9bfB9ZuBQa4ZARbJ8HApjRruGaNtY,0,3.148.166.166:9001,22039,-2.65,bittensor,0,0,miners,366,19,-40832,-2.65,2533559,0,0,0.00119,0.00916,0,None,0,0,0.000337,0.000673,validator_metrics,2741000000000,00:45:41.000000000,0,0,0,0,5E7RbxVyLz681r9tF9a9bfB9ZuBQa4ZARbJ8HApjRruGaNtY,1.00000
2025-12-17 13:03:51.000,miners,0.000902,0,125,5508,0,0,366,5E7RbxVyLz681r9tF9a9bfB9ZuBQa4ZARbJ8HApjRruGaNtY,0,3.148.166.166:9001,20433,13.9,bittensor,0,0,miners,366,18,-37190,13.9,2347714,0,0,0.00129,0.0104,0,None,0,0,0.000350,0.000700,validator_metrics,2741000000000,00:45:41.000000000,0,0,0,0,5E7RbxVyLz681r9tF9a9bfB9ZuBQa4ZARbJ8HApjRruGaNtY,1.00000
2025-12-17 13:03:51.000,miners,0.00103,0,120,5028,0,0,366,5E7RbxVyLz681r9tF9a9bfB9ZuBQa4ZARbJ8HApjRruGaNtY,0,3.148.166.166:9001,22856,-1.33,bittensor,0,0,miners,366,16,-42454,-1.33,2491564,0,0,0.00180,0.0117,0,None,0,0,0.000422,0.000844,validator_metrics,2741000000000,00:45:41.000000000,0,0,0,0,5E7RbxVyLz681r9tF9a9bfB9ZuBQa4ZARbJ8HApjRruGaNtY,1.00000
2025-12-17 13:03:51.000,miners,0.00113,0,135,5433,0,0,366,5E7RbxVyLz681r9tF9a9bfB9ZuBQa4ZARbJ8HApjRruGaNtY,0,3.148.166.166:9001,21988,1.45,bittensor,0,0,miners,366,63,-36390,1.45,2369959,0,0,0,0.00843,0,None,0,0,0,0,validator_metrics,2741000000000,00:45:41.000000000,0,0,0,0,5E7RbxVyLz681r9tF9a9bfB9ZuBQa4ZARbJ8HApjRruGaNtY,1.00000
2025-12-17 13:03:51.000,miners,0.00118,0,128,5374,0,0,366,5E7RbxVyLz681r9tF9a9bfB9ZuBQa4ZARbJ8HApjRruGaNtY,0,3.148.166.166:9001,18499,0.376,bittensor,0,0,miners,366,15,-42152,0.376,2387712,0,0,0.00195,0.00944,0,None,0,0,0.000422,0.000845,validator_metrics,2741000000000,00:45:41.000000000,0,0,0,0,5E7RbxVyLz681r9tF9a9bfB9ZuBQa4ZARbJ8HApjRruGaNtY,1.00000
2025-12-17 13:03:51.000,miners,0.00167,0,12,5274,0,0,366,5E7RbxVyLz681r9tF9a9bfB9ZuBQa4ZARbJ8HApjRruGaNtY,0,3.148.166.166:9001,20015,6.93,bittensor,0,0,miners,366,13,-37412,6.93,2417860,0,0,0.00383,0.0105,0,None,0,0,0.000695,0.00139,validator_metrics,2741000000000,00:45:41.000000000,0,0,0,0,5E7RbxVyLz681r9tF9a9bfB9ZuBQa4ZARbJ8HApjRruGaNtY,1.00000
2025-12-17 13:03:51.000,miners,0.00220,0,123,5109,0,0,366,5E7RbxVyLz681r9tF9a9bfB9ZuBQa4ZARbJ8HApjRruGaNtY,0,3.148.166.166:9001,19461,2.98,bittensor,0,0,miners,366,67,-35100,2.98,2467448,0,0,0,0.0104,0,None,0,0,0,0,validator_metrics,2741000000000,00:45:41.000000000,0,0,0,0,5E7RbxVyLz681r9tF9a9bfB9ZuBQa4ZARbJ8HApjRruGaNtY,1.00000
2025-12-17 13:03:51.000,miners,0.00298,0,131,5027,0,0,366,5E7RbxVyLz681r9tF9a9bfB9ZuBQa4ZARbJ8HApjRruGaNtY,0,3.148.166.166:9001,17988,24.8,bittensor,0,0,miners,366,51,-41266,24.8,2491856,0,0,0,0.0118,0,None,0,0,0,0,validator_metrics,2741000000000,00:45:41.000000000,0,0,0,0,5E7RbxVyLz681r9tF9a9bfB9ZuBQa4ZARbJ8HApjRruGaNtY,1.00000
2025-12-17 13:03:51.000,miners,0.00353,0,118,5147,0,0,366,5E7RbxVyLz681r9tF9a9bfB9ZuBQa4ZARbJ8HApjRruGaNtY,0,3.148.166.166:9001,11960,5.47,bittensor,0,0,miners,366,17,-49244,5.47,2456025,0,0,0.00156,0.00930,0,None,0,0,0.000400,0.000801,validator_metrics,2741000000000,00:45:41.000000000,0,0,0,0,5E7RbxVyLz681r9tF9a9bfB9ZuBQa4ZARbJ8HApjRruGaNtY,1.00000
2025-12-17 13:03:51.000,miners,0.00368,0,127,5314,0,0,366,5E7RbxVyLz681r9tF9a9bfB9ZuBQa4ZARbJ8HApjRruGaNtY,0,3.148.166.166:9001,22639,17.2,bittensor,0,0,miners,366,14,-33414,17.2,2405829,0,0,0.00347,0.00994,0,None,0,0,0.000665,0.00133,validator_metrics,2741000000000,00:45:41.000000000,0,0,0,0,5E7RbxVyLz681r9tF9a9bfB9ZuBQa4ZARbJ8HApjRruGaNtY,1.00000
2025-12-17 13:03:51.000,miners,0.00847,0,134,5401,0,0,366,5E7RbxVyLz681r9tF9a9bfB9ZuBQa4ZARbJ8HApjRruGaNtY,0,3.148.166.166:9001,17545,7.62,bittensor,0,0,miners,366,12,-33354,7.62,2379591,0,0,0.0122,0.0111,0,None,0,0,0.00209,0.00418,validator_metrics,2741000000000,00:45:41.000000000,0,0,0,0,5E7RbxVyLz681r9tF9a9bfB9ZuBQa4ZARbJ8HApjRruGaNtY,1.00000
2025-12-17 13:03:51.000,miners,0.0104,0,129,5240,0,0,366,5E7RbxVyLz681r9tF9a9bfB9ZuBQa4ZARbJ8HApjRruGaNtY,0,3.148.166.166:9001,18588,1.14,bittensor,0,0,miners,366,11,-35253,1.14,2427867,0,0,0.0151,0.00931,0,None,0,0,0.00255,0.00510,validator_metrics,2741000000000,00:45:41.000000000,0,0,0,0,5E7RbxVyLz681r9tF9a9bfB9ZuBQa4ZARbJ8HApjRruGaNtY,1.00000
2025-12-17 13:03:51.000,miners,0.0204,0,139,5298,0,0,366,5E7RbxVyLz681r9tF9a9bfB9ZuBQa4ZARbJ8HApjRruGaNtY,0,3.148.166.166:9001,14853,6.33,bittensor,0,0,miners,366,22,-24912,6.33,2410504,0,0,7.01e-7,0.0122,0.333,None,0,0,0,0,validator_metrics,2741000000000,00:45:41.000000000,0,0,0,0,5E7RbxVyLz681r9tF9a9bfB9ZuBQa4ZARbJ8HApjRruGaNtY,1.00000
2025-12-17 13:03:51.000,miners,0.0230,0,126,5200,0,0,366,5E7RbxVyLz681r9tF9a9bfB9ZuBQa4ZARbJ8HApjRruGaNtY,0,3.148.166.166:9001,23305,7.90,bittensor,0,0,miners,366,10,-33954,7.90,2439920,0,0,0.0384,0.0105,0,None,0,0,0.00607,0.0121,validator_metrics,2741000000000,00:45:41.000000000,0,0,0,0,5E7RbxVyLz681r9tF9a9bfB9ZuBQa4ZARbJ8HApjRruGaNtY,1.00000
2025-12-17 13:03:51.000,miners,0.132,0,138,4988,0,0,366,5E7RbxVyLz681r9tF9a9bfB9ZuBQa4ZARbJ8HApjRruGaNtY,0,3.148.166.166:9001,17652,6.44,bittensor,11302,0,miners,366,8,-41601,6.44,2503558,0,0,0.242,0.0113,0,None,0,0,0.0307,0.0613,validator_metrics,2741000000000,00:45:41.000000000,26031283,0,0,0,5E7RbxVyLz681r9tF9a9bfB9ZuBQa4ZARbJ8HApjRruGaNtY,1.00000
2025-12-17 13:03:51.000,miners,0.168,0,140,5125,0,0,366,5E7RbxVyLz681r9tF9a9bfB9ZuBQa4ZARbJ8HApjRruGaNtY,0,3.148.166.166:9001,20085,12.0,bittensor,2000072,0,miners,366,7,-35031,12.0,2462385,0,0,0.421,0.0121,0,None,0,0,0.0417,0.0834,validator_metrics,2741000000000,00:45:41.000000000,80101265,0,0,0,5E7RbxVyLz681r9tF9a9bfB9ZuBQa4ZARbJ8HApjRruGaNtY,1.00000
2025-12-17 13:03:51.000,miners,0.256,0,81,5249,0,0,366,5E7RbxVyLz681r9tF9a9bfB9ZuBQa4ZARbJ8HApjRruGaNtY,0,3.148.166.166:9001,17698,8.10,bittensor,297298,0,miners,366,6,-51837,8.10,2425268,0,0,0.681,0.0122,0,None,0,0,0.0641,0.128,validator_metrics,2741000000000,00:45:41.000000000,13997941,0,0,0,5E7RbxVyLz681r9tF9a9bfB9ZuBQa4ZARbJ8HApjRruGaNtY,1.00000
2025-12-17 13:03:51.000,miners,0.272,0,142,5232,0,0,366,5E7RbxVyLz681r9tF9a9bfB9ZuBQa4ZARbJ8HApjRruGaNtY,0,3.148.166.166:9001,19108,16.0,bittensor,148322,0,miners,366,9,-38661,16.0,2430468,0,0,0.0706,0.0101,0.262,None,0,0,0,0,validator_metrics,2741000000000,00:45:41.000000000,22860591,0,0,0,5E7RbxVyLz681r9tF9a9bfB9ZuBQa4ZARbJ8HApjRruGaNtY,1.00000
2025-12-17 13:03:51.000,miners,0.953,0,146,5198,0,0,366,5E7RbxVyLz681r9tF9a9bfB9ZuBQa4ZARbJ8HApjRruGaNtY,0,3.148.166.166:9001,20373,10.1,bittensor,66030,0,miners,366,4,9207,10.1,2440459,0,0,2.92,-0.0109,0,None,0,0,0.238,0.476,validator_metrics,2741000000000,00:45:41.000000000,4899718,0,0,0,5E7RbxVyLz681r9tF9a9bfB9ZuBQa4ZARbJ8HApjRruGaNtY,1.00000
2025-12-17 13:03:51.000,miners,0.961,0.902,114,5096,0,0,366,5E7RbxVyLz681r9tF9a9bfB9ZuBQa4ZARbJ8HApjRruGaNtY,0,3.148.166.166:9001,18770,12.6,bittensor,28834,0,miners,366,5,-36474,12.6,2471955,0,0,0.796,0.00949,0.293,0.0290,0,0.247,0.228,0.210,validator_metrics,2741000000000,00:45:41.000000000,5406140,-38.3,171336,0,5E7RbxVyLz681r9tF9a9bfB9ZuBQa4ZARbJ8HApjRruGaNtY,1.00000
2025-12-17 13:03:51.000,miners,1.02,0.956,111,12103,0,0,366,5E7RbxVyLz681r9tF9a9bfB9ZuBQa4ZARbJ8HApjRruGaNtY,0,3.148.166.166:9001,17388,14.7,bittensor,53026,0,miners,366,3,-34410,14.7,360411,0,0,6.58,0.00242,0,0.0584,0.333,0.164,0.332,0.500,validator_metrics,2741000000000,00:45:41.000000000,5224014,2879,450416,0,5E7RbxVyLz681r9tF9a9bfB9ZuBQa4ZARbJ8HApjRruGaNtY,1.00000
2025-12-17 13:03:51.000,miners,1.11,1.03,153,7562,107,429,366,5E7RbxVyLz681r9tF9a9bfB9ZuBQa4ZARbJ8HApjRruGaNtY,0,3.148.166.166:9001,-1266,-0.857,bittensor,89382,12650,miners,366,1,-63281,-0.857,1819306,13931,0,11.3,0.0188,0,-0.0983,0,0.483,0.517,0.552,validator_metrics,2741000000000,00:45:41.000000000,9177036,-13643,2638990,0,5E7RbxVyLz681r9tF9a9bfB9ZuBQa4ZARbJ8HApjRruGaNtY,1.00000
2025-12-17 13:03:51.000,miners,1.13,0.988,148,7101,288,802,366,5E7RbxVyLz681r9tF9a9bfB9ZuBQa4ZARbJ8HApjRruGaNtY,0,3.148.166.166:9001,-10064,-2.03,bittensor,576584,0,miners,366,2,68377,-2.03,2014252,18298,0,9.02,0.00880,0,-0.0810,0.333,0.140,0.339,0.539,validator_metrics,2741000000000,00:45:41.000000000,55513064,-17438,3018379,0,5E7RbxVyLz681r9tF9a9bfB9ZuBQa4ZARbJ8HApjRruGaNtY,1.00000
2025-12-17 13:03:51.000,miners,1.17,1.04,133,4614,600,864,366,5E7RbxVyLz681r9tF9a9bfB9ZuBQa4ZARbJ8HApjRruGaNtY,0,3.148.166.166:9001,8310,1.24,bittensor,811457,24506,miners,366,0,-55223,1.24,2719677,52430,79444,20.4,0.0102,0.0608,-0.0840,0,0.478,0.500,0.522,validator_metrics,2741000000000,00:45:41.000000000,40731600,-5279,3189690,0,5E7RbxVyLz681r9tF9a9bfB9ZuBQa4ZARbJ8HApjRruGaNtY,1.00000
2025-12-17 13:03:51.000,miners,0.0000170,0,117,4999,0,0,366,5E7RbxVyLz681r9tF9a9bfB9ZuBQa4ZARbJ8HApjRruGaNtY,0,3.148.166.166:9001,18083,-4.09,bittensor,0,0,miners,366,71,-35771,-4.09,2500158,0,0,0,0.0123,0,None,0,0,0,0,validator_metrics,2741000000000,00:45:41.000000000,0,0,0,0,5E7RbxVyLz681r9tF9a9bfB9ZuBQa4ZARbJ8HApjRruGaNtY,1.00000
2025-12-17 13:03:51.000,miners,6.72e-7,0,110,5646,0,0,366,5E7RbxVyLz681r9tF9a9bfB9ZuBQa4ZARbJ8HApjRruGaNtY,0,3.148.166.166:9001,21446,9.32,bittensor,0,0,miners,366,23,-38913,9.32,2306191,0,0,6.78e-7,0.00831,0,None,0,0,2.44e-7,4.87e-7,validator_metrics,2741000000000,00:45:41.000000000,0,0,0,0,5E7RbxVyLz681r9tF9a9bfB9ZuBQa4ZARbJ8HApjRruGaNtY,1.00000
2025-12-17 13:03:51.000,miners,0.0000819,0,22,5198,0,0,366,5E7RbxVyLz681r9tF9a9bfB9ZuBQa4ZARbJ8HApjRruGaNtY,0,3.148.166.166:9001,22065,11.1,bittensor,0,0,miners,366,21,-35659,11.1,2440633,0,0,0.0000925,0.0104,0,None,0,0,0.0000327,0.0000654,validator_metrics,2741000000000,00:45:41.000000000,0,0,0,0,5E7RbxVyLz681r9tF9a9bfB9ZuBQa4ZARbJ8HApjRruGaNtY,1.00000